{"stat.chestOpened":2,"stat.useItem.minecolonies.blockHutTownHall":1,"stat.useItem.industrialwires.jacobs_ladder":12,"stat.walkOneCm":23223,"achievement.openInventory":47,"stat.useItem.minecraft.hardened_clay":130,"stat.useItem.minecraft.stone":4,"stat.useItem.minecolonies.blockHutBuilder":1,"stat.useItem.immersivepetroleum.schematic":1,"stat.damageTaken":110,"minecolonies.builder.hutsBuilt.one":1,"ftbl.stat.first_joined":{"value":0,"progress":1511759274821},"minecolonies.supply":1,"stat.useItem.industrialwires.control_panel":1,"ftbl.stat.last_seen":{"value":0,"progress":1511759274821},"stat.flyOneCm":196729,"minecolonies.townhall":13,"stat.drop":2,"stat.jump":107,"stat.useItem.minecraft.sand":40,"stat.playOneMinute":30806,"stat.fallOneCm":984,"stat.climbOneCm":537,"stat.useItem.immersiveengineering.metalDevice0":4,"stat.sneakTime":492,"minecolonies.upgrade.builder.first":2,"stat.damageDealt":138,"stat.useItem.minecolonies.supplyCampDeployer":1,"stat.drop.minecraft.sapling":2,"stat.crouchOneCm":811,"stat.timeSinceDeath":30806,"stat.useItem.nuclearcraft.nuclear_furnace_idle":1,"stat.pickup.minecraft.sapling":2,"stat.sprintOneCm":13096,"achievement.exploreAllBiomes":{"value":0,"progress":["ForestSakura","Desert"]}}