[
  {
    "uuid": "3f8d8023-6cc5-4239-82ba-7eeed7d75ee2",
    "name": "jay302",
    "lives": 3,
    "team": {
      "id": -1,
      "lifeSetting": "SHARE",
      "rewardSetting": "ALL",
      "players": [
        {
          "uuid": "3f8d8023-6cc5-4239-82ba-7eeed7d75ee2",
          "owner": true,
          "bookOpen": false,
          "inTeam": true
        }
      ],
      "reputations": [],
      "questDataList": [],
      "invites": []
    },
    "playedLore": false,
    "receivedBook": true,
    "groupData": {},
    "deaths": {
      "3f8d8023-6cc5-4239-82ba-7eeed7d75ee2": [
        0,
        0,
        0,
        0,
        0,
        0,
        0,
        0,
        0,
        0,
        0,
        0,
        0,
        0,
        0
      ]
    }
  }
]